{
  "IcoMoonType": "selection",
  "icons": [
    {
      "icon": {
        "paths": [
          "M1024 590.444l-512-397.426-512 397.428v-162.038l512-397.426 512 397.428zM896 576v384h-256v-256h-256v256h-256v-384l384-288z"
        ],
        "tags": [
          "home",
          "house"
        ],
        "defaultCode": 59648,
        "grid": 16,
        "attrs": []
      },
      "attrs": [],
      "properties": {
        "ligatures": "home, house",
        "name": "home",
        "order": 16,
        "id": 1,
        "prevSize": 32,
        "code": 59648
      },
      "setIdx": 0,
      "setId": 1,
      "iconIdx": 0
    },
    {
      "icon": {
        "paths": [
          "M384 640l128-64 448-448-64-64-448 448-64 128zM289.3 867.098c-31.632-66.728-65.666-100.762-132.396-132.394l99.096-272.792 128-77.912 384-384h-192l-384 384-192 640 640-192 384-384v-192l-384 384-77.912 128z"
        ],
        "tags": [
          "pencil",
          "write",
          "edit"
        ],
        "defaultCode": 59654,
        "grid": 16,
        "attrs": []
      },
      "attrs": [],
      "properties": {
        "ligatures": "pencil2, write2",
        "name": "pencil2",
        "order": 24,
        "id": 7,
        "prevSize": 32,
        "code": 59654
      },
      "setIdx": 0,
      "setId": 1,
      "iconIdx": 6
    },
    {
      "icon": {
        "paths": [
          "M704 640c-64 64-64 128-128 128s-128-64-192-128-128-128-128-192 64-64 128-128-128-256-192-256-192 192-192 192c0 128 131.5 387.5 256 512s384 256 512 256c0 0 192-128 192-192s-192-256-256-192z"
        ],
        "tags": [
          "phone",
          "telephone",
          "contact",
          "support",
          "call"
        ],
        "defaultCode": 59714,
        "grid": 16,
        "attrs": []
      },
      "attrs": [],
      "properties": {
        "ligatures": "phone, telephone",
        "name": "phone",
        "order": 4,
        "id": 67,
        "prevSize": 32,
        "code": 59714
      },
      "setIdx": 0,
      "setId": 1,
      "iconIdx": 66
    },
    {
      "icon": {
        "paths": [
          "M192 0v1024h768v-1024h-768zM576 256.33c70.51 0 127.67 57.16 127.67 127.67s-57.16 127.67-127.67 127.67-127.67-57.16-127.67-127.67 57.16-127.67 127.67-127.67v0zM768 768h-384v-64c0-70.696 57.306-128 128-128v0h128c70.696 0 128 57.304 128 128v64z",
          "M64 64h96v192h-96v-192z",
          "M64 320h96v192h-96v-192z",
          "M64 576h96v192h-96v-192z",
          "M64 832h96v192h-96v-192z"
        ],
        "tags": [
          "address-book",
          "contact",
          "book",
          "contacts"
        ],
        "defaultCode": 59716,
        "grid": 16,
        "attrs": []
      },
      "attrs": [],
      "properties": {
        "ligatures": "address-book, contact",
        "name": "address-book",
        "order": 23,
        "id": 69,
        "prevSize": 32,
        "code": 59716
      },
      "setIdx": 0,
      "setId": 1,
      "iconIdx": 68
    },
    {
      "icon": {
        "paths": [
          "M928 128h-832c-52.8 0-96 43.2-96 96v640c0 52.8 43.2 96 96 96h832c52.8 0 96-43.2 96-96v-640c0-52.8-43.2-96-96-96zM398.74 550.372l-270.74 210.892v-501.642l270.74 290.75zM176.38 256h671.24l-335.62 252-335.62-252zM409.288 561.698l102.712 110.302 102.71-110.302 210.554 270.302h-626.528l210.552-270.302zM625.26 550.372l270.74-290.75v501.642l-270.74-210.892z"
        ],
        "tags": [
          "envelop",
          "mail",
          "email",
          "contact",
          "letter"
        ],
        "defaultCode": 59717,
        "grid": 16,
        "attrs": []
      },
      "attrs": [],
      "properties": {
        "ligatures": "envelop, mail",
        "name": "envelop",
        "order": 5,
        "id": 70,
        "prevSize": 32,
        "code": 59717
      },
      "setIdx": 0,
      "setId": 1,
      "iconIdx": 69
    },
    {
      "icon": {
        "paths": [
          "M512 0c-176.732 0-320 143.268-320 320 0 320 320 704 320 704s320-384 320-704c0-176.732-143.27-320-320-320zM512 516c-108.248 0-196-87.752-196-196s87.752-196 196-196 196 87.752 196 196-87.752 196-196 196zM388 320c0-68.483 55.517-124 124-124s124 55.517 124 124c0 68.483-55.517 124-124 124s-124-55.517-124-124z"
        ],
        "tags": [
          "location",
          "map-marker",
          "pin"
        ],
        "defaultCode": 59720,
        "grid": 16,
        "attrs": []
      },
      "attrs": [],
      "properties": {
        "ligatures": "location2, map-marker2",
        "name": "location2",
        "order": 3,
        "id": 73,
        "prevSize": 32,
        "code": 59720
      },
      "setIdx": 0,
      "setId": 1,
      "iconIdx": 72
    },
    {
      "icon": {
        "paths": [
          "M256 64h512v128h-512v-128z",
          "M960 256h-896c-35.2 0-64 28.8-64 64v320c0 35.2 28.794 64 64 64h192v256h512v-256h192c35.2 0 64-28.8 64-64v-320c0-35.2-28.8-64-64-64zM128 448c-35.346 0-64-28.654-64-64s28.654-64 64-64 64 28.654 64 64-28.652 64-64 64zM704 896h-384v-320h384v320z"
        ],
        "tags": [
          "printer",
          "print"
        ],
        "defaultCode": 59732,
        "grid": 16,
        "attrs": []
      },
      "attrs": [],
      "properties": {
        "ligatures": "printer, print",
        "name": "printer",
        "order": 22,
        "id": 85,
        "prevSize": 32,
        "code": 59732
      },
      "setIdx": 0,
      "setId": 1,
      "iconIdx": 84
    },
    {
      "icon": {
        "paths": [
          "M576 706.612v-52.78c70.498-39.728 128-138.772 128-237.832 0-159.058 0-288-192-288s-192 128.942-192 288c0 99.060 57.502 198.104 128 237.832v52.78c-217.102 17.748-384 124.42-384 253.388h896c0-128.968-166.898-235.64-384-253.388z"
        ],
        "tags": [
          "user",
          "profile",
          "avatar",
          "person",
          "member"
        ],
        "defaultCode": 59761,
        "grid": 16,
        "attrs": []
      },
      "attrs": [],
      "properties": {
        "ligatures": "user, profile2",
        "name": "user",
        "order": 17,
        "id": 114,
        "prevSize": 32,
        "code": 59761
      },
      "setIdx": 0,
      "setId": 1,
      "iconIdx": 113
    },
    {
      "icon": {
        "width": 1024,
        "paths": [
          "M384 736c0-151.234 95.874-280.486 230.032-330.2 16.28-36.538 25.968-77.164 25.968-117.8 0-159.058 0-288-192-288s-192 128.942-192 288c0 99.060 57.502 198.104 128 237.832v52.78c-217.102 17.748-384 124.42-384 253.388h397.306c-8.664-30.53-13.306-62.732-13.306-96z",
          "M736 448c-159.058 0-288 128.942-288 288s128.942 288 288 288c159.056 0 288-128.942 288-288s-128.942-288-288-288zM896 768h-128v128h-64v-128h-128v-64h128v-128h64v128h128v64z"
        ],
        "tags": [
          "user-plus",
          "user",
          "user-add",
          "profile",
          "avatar",
          "person",
          "member"
        ],
        "defaultCode": 59763,
        "grid": 16,
        "attrs": []
      },
      "attrs": [],
      "properties": {
        "ligatures": "user-plus, user2",
        "name": "user-plus",
        "order": 9,
        "id": 116,
        "prevSize": 32,
        "code": 59763
      },
      "setIdx": 0,
      "setId": 1,
      "iconIdx": 115
    },
    {
      "icon": {
        "paths": [
          "M992.262 871.396l-242.552-206.294c-25.074-22.566-51.89-32.926-73.552-31.926 57.256-67.068 91.842-154.078 91.842-249.176 0-212.078-171.922-384-384-384-212.076 0-384 171.922-384 384s171.922 384 384 384c95.098 0 182.108-34.586 249.176-91.844-1 21.662 9.36 48.478 31.926 73.552l206.294 242.552c35.322 39.246 93.022 42.554 128.22 7.356s31.892-92.898-7.354-128.22zM384 640c-141.384 0-256-114.616-256-256s114.616-256 256-256 256 114.616 256 256-114.614 256-256 256z"
        ],
        "tags": [
          "search",
          "magnifier",
          "magnifying-glass",
          "inspect",
          "find"
        ],
        "defaultCode": 59782,
        "grid": 16,
        "attrs": []
      },
      "attrs": [],
      "properties": {
        "ligatures": "search, magnifier",
        "name": "search",
        "order": 11,
        "id": 135,
        "prevSize": 32,
        "code": 59782
      },
      "setIdx": 0,
      "setId": 1,
      "iconIdx": 134
    },
    {
      "icon": {
        "paths": [
          "M363.722 722.052l41.298-57.816-45.254-45.256-57.818 41.296c-10.722-5.994-22.204-10.774-34.266-14.192l-11.682-70.084h-64l-11.68 70.086c-12.062 3.418-23.544 8.198-34.266 14.192l-57.818-41.298-45.256 45.256 41.298 57.816c-5.994 10.72-10.774 22.206-14.192 34.266l-70.086 11.682v64l70.086 11.682c3.418 12.060 8.198 23.544 14.192 34.266l-41.298 57.816 45.254 45.256 57.818-41.296c10.722 5.994 22.204 10.774 34.266 14.192l11.682 70.084h64l11.68-70.086c12.062-3.418 23.544-8.198 34.266-14.192l57.818 41.296 45.254-45.256-41.298-57.816c5.994-10.72 10.774-22.206 14.192-34.266l70.088-11.68v-64l-70.086-11.682c-3.418-12.060-8.198-23.544-14.192-34.266zM224 864c-35.348 0-64-28.654-64-64s28.652-64 64-64 64 28.654 64 64-28.652 64-64 64zM1024 384v-64l-67.382-12.25c-1.242-8.046-2.832-15.978-4.724-23.79l57.558-37.1-24.492-59.128-66.944 14.468c-4.214-6.91-8.726-13.62-13.492-20.13l39.006-56.342-45.256-45.254-56.342 39.006c-6.512-4.766-13.22-9.276-20.13-13.494l14.468-66.944-59.128-24.494-37.1 57.558c-7.812-1.892-15.744-3.482-23.79-4.724l-12.252-67.382h-64l-12.252 67.382c-8.046 1.242-15.976 2.832-23.79 4.724l-37.098-57.558-59.128 24.492 14.468 66.944c-6.91 4.216-13.62 8.728-20.13 13.494l-56.342-39.006-45.254 45.254 39.006 56.342c-4.766 6.51-9.278 13.22-13.494 20.13l-66.944-14.468-24.492 59.128 57.558 37.1c-1.892 7.812-3.482 15.742-4.724 23.79l-67.384 12.252v64l67.382 12.25c1.242 8.046 2.832 15.978 4.724 23.79l-57.558 37.1 24.492 59.128 66.944-14.468c4.216 6.91 8.728 13.618 13.494 20.13l-39.006 56.342 45.254 45.256 56.342-39.006c6.51 4.766 13.22 9.276 20.13 13.492l-14.468 66.944 59.128 24.492 37.102-57.558c7.81 1.892 15.742 3.482 23.788 4.724l12.252 67.384h64l12.252-67.382c8.044-1.242 15.976-2.832 23.79-4.724l37.1 57.558 59.128-24.492-14.468-66.944c6.91-4.216 13.62-8.726 20.13-13.492l56.342 39.006 45.256-45.256-39.006-56.342c4.766-6.512 9.276-13.22 13.492-20.13l66.944 14.468 24.492-59.13-57.558-37.1c1.892-7.812 3.482-15.742 4.724-23.79l67.382-12.25zM672 491.2c-76.878 0-139.2-62.322-139.2-139.2s62.32-139.2 139.2-139.2 139.2 62.322 139.2 139.2c0 76.878-62.32 139.2-139.2 139.2z"
        ],
        "tags": [
          "cogs",
          "gears",
          "preferences",
          "settings",
          "generate",
          "control",
          "options"
        ],
        "defaultCode": 59797,
        "grid": 16,
        "attrs": []
      },
      "attrs": [],
      "properties": {
        "ligatures": "cogs, gears",
        "name": "cogs",
        "order": 20,
        "id": 150,
        "prevSize": 32,
        "code": 59797
      },
      "setIdx": 0,
      "setId": 1,
      "iconIdx": 149
    },
    {
      "icon": {
        "paths": [
          "M64 192h896v192h-896zM64 448h896v192h-896zM64 704h896v192h-896z"
        ],
        "tags": [
          "menu",
          "list",
          "options",
          "lines",
          "hamburger"
        ],
        "defaultCode": 59837,
        "grid": 16,
        "attrs": []
      },
      "attrs": [],
      "properties": {
        "ligatures": "menu, list3",
        "name": "menu",
        "order": 15,
        "id": 190,
        "prevSize": 32,
        "code": 59837
      },
      "setIdx": 0,
      "setId": 1,
      "iconIdx": 189
    },
    {
      "icon": {
        "paths": [
          "M755.188 64c-107.63 0-200.258 87.554-243.164 179-42.938-91.444-135.578-179-243.216-179-148.382 0-268.808 120.44-268.808 268.832 0 301.846 304.5 380.994 512.022 679.418 196.154-296.576 511.978-387.206 511.978-679.418 0-148.392-120.43-268.832-268.812-268.832z"
        ],
        "tags": [
          "heart",
          "like",
          "love",
          "favorite"
        ],
        "defaultCode": 59866,
        "grid": 16,
        "attrs": []
      },
      "attrs": [],
      "properties": {
        "ligatures": "heart, like",
        "name": "heart",
        "order": 13,
        "id": 219,
        "prevSize": 32,
        "code": 59866
      },
      "setIdx": 0,
      "setId": 1,
      "iconIdx": 218
    },
    {
      "icon": {
        "paths": [
          "M576 96c0 53.019-42.981 96-96 96s-96-42.981-96-96c0-53.019 42.981-96 96-96s96 42.981 96 96z",
          "M576 256h-192c-35.346 0-64 28.654-64 64v320h64v384h80v-384h32v384h80v-384h64v-320c0-35.346-28.652-64-64-64z"
        ],
        "tags": [
          "man",
          "male",
          "gender",
          "sex"
        ],
        "defaultCode": 59868,
        "grid": 16,
        "attrs": []
      },
      "attrs": [],
      "properties": {
        "ligatures": "man, male",
        "name": "man",
        "order": 18,
        "id": 221,
        "prevSize": 32,
        "code": 59868
      },
      "setIdx": 0,
      "setId": 1,
      "iconIdx": 220
    },
    {
      "icon": {
        "paths": [
          "M576 96c0 53.019-42.981 96-96 96s-96-42.981-96-96c0-53.019 42.981-96 96-96s96 42.981 96 96z",
          "M719 512l49-35.5-133.286-206.116c-5.92-8.98-15.958-14.384-26.714-14.384h-256c-10.756 0-20.792 5.404-26.714 14.384l-133.286 206.116 49 35.5 110.644-143.596 38.458 89.74-134.102 245.856h122.666l21.334 320h64v-320h32v320h64l21.334-320h122.666l-134.104-245.858 38.458-89.74 110.646 143.598z"
        ],
        "tags": [
          "woman",
          "female",
          "gender",
          "sex"
        ],
        "defaultCode": 59869,
        "grid": 16,
        "attrs": []
      },
      "attrs": [],
      "properties": {
        "ligatures": "woman, female",
        "name": "woman",
        "order": 19,
        "id": 222,
        "prevSize": 32,
        "code": 59869
      },
      "setIdx": 0,
      "setId": 1,
      "iconIdx": 221
    },
    {
      "icon": {
        "paths": [
          "M384 512h-320v-128h320v-128l192 192-192 192zM1024 0v832l-384 192v-192h-384v-256h64v192h320v-576l256-128h-576v256h-64v-320z"
        ],
        "tags": [
          "enter",
          "signin",
          "login"
        ],
        "defaultCode": 59923,
        "grid": 16,
        "attrs": []
      },
      "attrs": [],
      "properties": {
        "ligatures": "enter, signin",
        "name": "enter",
        "order": 7,
        "id": 276,
        "prevSize": 32,
        "code": 59923
      },
      "setIdx": 0,
      "setId": 1,
      "iconIdx": 275
    },
    {
      "icon": {
        "paths": [
          "M768 640v-128h-320v-128h320v-128l192 192zM704 576v256h-320v192l-384-192v-832h704v320h-64v-256h-512l256 128v576h256v-192z"
        ],
        "tags": [
          "exit",
          "signout",
          "logout",
          "quit",
          "close"
        ],
        "defaultCode": 59924,
        "grid": 16,
        "attrs": []
      },
      "attrs": [],
      "properties": {
        "ligatures": "exit, signout",
        "name": "exit",
        "order": 8,
        "id": 277,
        "prevSize": 32,
        "code": 59924
      },
      "setIdx": 0,
      "setId": 1,
      "iconIdx": 276
    },
    {
      "icon": {
        "paths": [
          "M928 0h-832c-52.8 0-96 43.2-96 96v832c0 52.8 43.2 96 96 96h416v-448h-128v-128h128v-64c0-105.8 86.2-192 192-192h128v128h-128c-35.2 0-64 28.8-64 64v64h192l-32 128h-160v448h288c52.8 0 96-43.2 96-96v-832c0-52.8-43.2-96-96-96z"
        ],
        "tags": [
          "facebook",
          "brand",
          "social"
        ],
        "defaultCode": 60049,
        "grid": 16,
        "attrs": []
      },
      "attrs": [],
      "properties": {
        "ligatures": "facebook2, brand11",
        "name": "facebook2",
        "order": 6,
        "id": 402,
        "prevSize": 32,
        "code": 60049
      },
      "setIdx": 0,
      "setId": 1,
      "iconIdx": 401
    }
  ],
  "height": 1024,
  "metadata": {
    "name": "icomoon"
  },
  "preferences": {
    "showGlyphs": true,
    "showQuickUse": true,
    "showQuickUse2": true,
    "showSVGs": true,
    "fontPref": {
      "prefix": "icon-",
      "metadata": {
        "fontFamily": "icomoon"
      },
      "metrics": {
        "emSize": 1024,
        "baseline": 6.25,
        "whitespace": 50
      },
      "embed": false
    },
    "imagePref": {
      "prefix": "icon-",
      "png": true,
      "useClassSelector": true,
      "color": 0,
      "bgColor": 16777215,
      "classSelector": ".icon"
    },
    "historySize": 50,
    "showCodes": true,
    "gridSize": 16
  }
}